-10,-10,-10,-10,-10,-10,-10,-10,-10,-10,-10,-10,-10,-10,-10,-10,-10,-10,-10,-10,-10,-10,-10,-10,-10,-10,-10,-10,-10,-10,-10,-10,-10,-10,-10,-10,-10,-10,-10,-10,-10,-10,-10,-10,-10,-10,-10,-10,-10,-10,-10,-10,-10,-10,-10,-10,-10
-10,-10,-10,-10,-10,-10,-10,-10,-10,-10,-10,-10,-10,-10,-10,-10,-10,-10,-10,-10,-10,-10,-10,-10,-10,-10,-10,-10,-10,-10,-10,-10,-10,-10,-10,-10,-10,-10,-10,-10,-10,-10,-10,-10,-10,-10,-10,-10,-10,-10,-10,-10,-10,-10,-10,-10,-10
-10,-10,-10,-10,-10,-10,-10,-10,-10,-10,-10,-10,-10,-10,-10,-10,-10,-10,-10,-10,-10,-10,-10,-10,-10,-10,-10,-10,-10,-10,-10,-10,-10,-10,-10,-10,-10,-10,-10,-10,-10,-10,-10,-10,-10,-10,-10,-10,-10,-10,-10,-10,-10,-10,-10,-10,-10
-10,-10,-10,-10,-10,-10,-10,-10,-10,-10,-10,-10,-10,-10,-10,-10,-10,-10,-10,-10,-10,-10,-10,-10,-10,-10,-10,-10,-10,-10,-10,-10,-10,-10,-10,-10,-10,-10,-10,-10,-10,-10,-10,-10,-10,-10,-10,-10,-10,-10,-10,-10,-10,-10,-10,-10,-10
-10,-10,-10,-10,-10,-10,-10,-10,-10,-10,-10,-10,-10,-10,-10,-10,-10,-10,-10,-10,-10,-10,-10,-10,-10,-10,-10,-10,-10,-10,-10,-10,-10,-10,-10,-10,-10,-10,-10,-10,-10,-10,-10,-10,-10,-10,-10,-10,-10,-10,-10,-10,-10,-10,-10,-10,-10
-10,-10,-10,-10,-10,0,-10,-10,-10,-10,-10,-10,-10,-10,-10,-10,-10,-10,-10,-10,-10,-10,-10,-10,-10,-10,-10,-10,-10,-10,-10,-10,-10,-10,-10,-10,-10,-10,-10,-10,-10,-10,-10,-10,-10,-10,-10,-10,-10,-10,-10,-10,-10,-10,-10,-10,-10
-10,-10,-10,-10,-10,0,-10,-10,-10,-10,-10,-10,-10,-10,-10,-10,-10,-10,-10,-10,-10,-10,-10,-10,-10,-10,-10,0,-10,-10,-10,-10,-10,-10,-10,-10,-10,-10,-10,-10,-10,-10,-10,-10,-10,-10,-10,-10,-10,-10,-10,-10,-10,-10,-10,-10,-10
-10,-10,-10,-10,-10,0,-10,-10,-10,-10,-10,-10,-10,-10,-10,-10,-10,-10,-10,-10,-10,-10,-10,-10,-10,-10,-10,0,-10,-10,-10,-10,-10,-10,-10,-10,-10,-10,-10,-10,-10,-10,-10,-10,-10,-10,-10,-10,-10,-10,-10,-10,-10,-10,-10,-10,-10
-10,-10,-10,-10,-10,0,-10,-10,-10,-10,-10,-10,-10,-10,-10,-10,-10,-10,-10,-10,-10,-10,-10,-10,-10,-10,-10,0,-10,-10,-10,-10,-10,-10,-10,-10,-10,-10,-10,-10,-10,-10,-10,-10,-10,-10,-10,-10,-10,-10,-10,-10,-10,-10,-10,-10,-10
-10,-10,-10,-10,-10,0,-10,-10,-10,-10,-10,-10,-10,-10,-10,0,-10,-10,-10,-10,-10,-10,-10,-10,-10,-10,-10,0,-10,-10,-10,-10,-10,-10,-10,-10,-10,-10,-10,-10,-10,-10,-10,-10,-10,-10,-10,-10,-10,-10,-10,-10,-10,-10,-10,-10,-10
-10,-10,-10,-10,-10,0,-10,-10,-10,-10,-10,-10,-10,-10,-10,0,-10,-10,-10,-10,-10,-10,-10,-10,0,0,0,0,-10,-10,-10,-10,-10,-10,-10,-10,-10,-10,-10,-10,-10,-10,-10,-10,-10,-10,-10,-10,-10,-10,-10,-10,-10,-10,-10,-10,-10
-10,-10,-10,-10,-10,0,-10,-10,-10,-10,-10,-10,-10,-10,-10,0,-10,-10,-10,-10,-10,-10,-10,-10,0,0,0,0,-10,-10,-10,-10,-10,-10,-10,-10,-10,-10,-10,-10,-10,-10,-10,-10,-10,-10,-10,-10,-10,-10,-10,-10,-10,-10,-10,-10,-10
-10,-10,-10,-10,-10,0,-10,-10,-10,-10,-10,-10,-10,-10,-10,0,-10,-10,-10,0,-10,-10,-10,-10,0,-10,0,-10,-10,-10,-10,-10,-10,-10,-10,-10,-10,0,0,0,0,6,-10,-10,-10,-10,-10,-10,-10,-10,-10,-10,-10,-10,-10,-10,-10
-10,-10,-10,-10,-10,0,-10,-10,-10,-10,-10,-10,-10,-10,0,0,0,0,0,0,0,0,0,-10,0,-10,0,-10,-10,-10,-10,-10,-10,-10,-10,-10,-10,0,-10,0,0,0,-10,-10,-10,-10,-10,-10,-10,-10,-10,-10,-10,-10,-10,-10,-10
-10,-10,-10,-10,-10,0,-10,-10,-10,-10,-10,-10,-10,-10,0,0,0,0,0,0,0,0,0,-10,0,-10,0,-10,-10,-10,-10,0,-10,-10,-10,-10,-10,0,-10,0,0,0,-10,-10,-10,-10,-10,-10,-10,-10,-10,-10,-10,-10,-10,-10,-10
-10,-10,-10,-10,0,0,0,-10,-10,-10,6,-10,-10,-10,0,0,-10,-10,-10,-10,0,0,0,0,0,-10,0,-10,-10,-10,-10,0,-10,-10,-10,-10,-10,0,-10,-10,-10,6,-10,-10,-10,-10,-10,-10,-10,-10,-10,-10,-10,-10,-10,-10,-10
-10,-10,-10,-10,0,0,0,-10,-10,-10,0,0,0,0,0,0,-10,-10,-10,-10,0,0,0,0,0,-10,0,0,0,0,-10,0,-10,-10,-10,-10,0,0,0,0,0,0,0,0,0,-10,-10,-10,-10,-10,-10,-10,-10,-10,-10,-10,-10
-10,-10,-10,0,0,0,0,0,-10,-10,0,0,-10,-10,0,0,-10,-10,-10,-10,0,0,0,-10,-10,-10,0,0,0,0,-10,0,0,0,0,0,0,-10,-10,0,0,0,0,0,0,6,0,0,6,-10,-10,-10,-10,-10,-10,-10,-10
-10,-10,-10,0,0,0,0,0,0,0,0,0,-10,-10,0,0,-10,-10,-10,-10,0,0,0,-10,0,0,0,-10,-10,-10,-10,0,0,0,0,0,0,-10,-10,0,0,0,0,0,0,6,0,0,6,-10,-10,-10,-10,-10,-10,-10,-10
-10,-10,-10,0,-10,-10,-10,-10,-10,-10,-10,-10,-10,-10,0,0,0,0,0,0,0,0,0,-10,0,0,0,-10,-10,-10,-10,-10,-10,-10,-10,-10,0,0,0,0,0,0,0,0,0,-10,-10,0,0,-10,-10,-10,-10,-10,-10,-10,-10
-10,6,0,0,0,0,0,-10,-10,0,0,0,0,-10,0,0,0,0,0,0,0,0,0,-10,0,-10,-10,-10,-10,-10,-10,-10,-10,-10,-10,-10,-10,0,-10,-10,-10,6,-10,0,-10,-10,-10,0,0,-10,-10,-10,-10,-10,-10,-10,-10
-10,6,0,0,0,0,0,-10,-10,0,0,10,6,-10,-10,-10,-10,-10,0,-10,-10,-10,-10,-10,0,-10,-10,-10,-10,-10,-10,-10,-10,-10,-10,-10,-10,0,-10,0,0,0,-10,0,-10,-10,-10,0,0,-10,-10,-10,-10,-10,-10,-10,-10
-10,-10,-10,0,-10,-10,10,-10,-10,0,0,0,0,-10,-10,-10,-10,-10,0,0,0,6,6,6,0,0,0,0,-10,-10,-10,-10,-10,-10,-10,-10,-10,0,-10,0,0,0,-10,0,-10,-10,-10,0,0,-10,-10,0,0,0,0,-10,-10
-10,-10,-10,0,-10,-10,3,-10,-10,6,-10,-10,-10,-10,-10,-10,-10,-10,0,0,0,0,6,0,0,0,0,0,-10,-10,-10,-10,-10,-10,-10,-10,-10,0,0,0,0,6,-10,0,-10,-10,-10,0,0,0,0,0,-10,-10,0,-10,-10
-10,-10,-10,0,-10,-10,3,0,0,0,0,-10,-10,-10,-10,-10,-10,-10,0,-10,-10,-10,-10,-10,-10,-10,-10,0,-10,-10,-10,-10,-10,-10,-10,-10,-10,-10,-10,-10,-10,-10,-10,0,-10,-10,-10,-10,-10,-10,-10,-10,-10,-10,0,-10,-10
-10,-10,-10,0,-10,-10,3,3,0,0,0,-10,-10,-10,-10,-10,-10,-10,0,-10,-10,-10,-10,-10,-10,-10,0,0,0,-10,-10,-10,-10,-10,-10,-10,-10,-10,0,0,0,0,0,0,0,-10,-10,-10,-10,-10,-10,-10,-10,-10,-10,-10,-10
-10,-10,-10,0,-10,-10,-10,-10,-10,10,-10,-10,-10,-10,-10,-10,-10,-10,0,-10,-10,-10,-10,-10,-10,-10,0,0,0,0,0,0,0,0,0,0,0,0,0,0,0,0,0,0,0,-10,-10,-10,-10,-10,-10,-10,-10,-10,-10,-10,-10
-10,-10,-10,0,-10,-10,-10,-10,-10,3,-10,-10,-10,-10,-10,-10,-10,-10,0,-10,-10,-10,-10,-10,-10,-10,0,0,0,-10,-10,-10,-10,-10,-10,-10,-10,-10,0,0,0,0,0,0,0,-10,-10,-10,-10,-10,-10,-10,-10,-10,-10,-10,-10
-10,-10,-10,0,0,0,0,0,-10,3,-10,-10,-10,-10,-10,-10,-10,-10,0,-10,-10,-10,-10,-10,-10,-10,-10,6,-10,-10,-10,-10,-10,-10,-10,-10,-10,-10,-10,-10,-10,-10,-10,-10,-10,-10,-10,-10,-10,-10,-10,-10,-10,-10,-10,-10,-10
-10,-10,-10,0,0,0,0,0,-10,3,-10,-10,-10,-10,-10,-10,-10,-10,0,-10,-10,-10,-10,-10,-10,-10,-10,-10,-10,-10,-10,-10,-10,-10,-10,-10,-10,-10,-10,-10,-10,-10,-10,-10,-10,-10,-10,-10,-10,-10,-10,-10,-10,-10,-10,-10,-10
-10,-10,-10,-10,-10,0,0,-10,-10,-10,-10,-10,-10,-10,-10,-10,-10,-10,0,-10,-10,-10,-10,-10,-10,-10,-10,-10,-10,-10,-10,-10,-10,-10,-10,-10,-10,-10,-10,-10,-10,-10,-10,-10,-10,-10,-10,-10,-10,-10,-10,-10,-10,-10,-10,-10,-10
-10,-10,-10,-10,-10,0,0,-10,-10,-10,-10,-10,-10,-10,-10,-10,-10,-10,-10,-10,-10,-10,-10,-10,-10,-10,-10,-10,-10,-10,-10,-10,-10,-10,-10,-10,-10,-10,-10,-10,-10,-10,-10,-10,-10,-10,-10,-10,-10,-10,-10,-10,-10,-10,-10,-10,-10
-10,-10,-10,-10,6,0,0,-10,-10,0,0,0,0,-10,-10,-10,-10,-10,-10,-10,-10,-10,-10,-10,-10,-10,-10,-10,-10,-10,-10,-10,-10,-10,-10,-10,-10,-10,-10,-10,-10,-10,-10,-10,-10,-10,-10,-10,-10,-10,-10,-10,-10,-10,-10,-10,-10
-10,-10,-10,-10,-10,0,0,-10,-10,0,0,0,0,-10,-10,-10,-10,-10,-10,-10,-10,-10,-10,-10,-10,-10,-10,-10,-10,-10,-10,-10,-10,-10,-10,-10,-10,-10,-10,-10,-10,-10,-10,-10,-10,-10,-10,-10,-10,-10,-10,-10,-10,-10,-10,-10,-10
-10,-10,-10,-10,-10,0,0,0,0,0,0,0,0,-10,-10,-10,-10,-10,-10,-10,-10,-10,-10,-10,-10,-10,-10,-10,-10,-10,-10,-10,-10,-10,-10,-10,-10,-10,-10,-10,-10,-10,-10,-10,-10,-10,-10,-10,-10,-10,-10,-10,-10,-10,-10,-10,-10
-10,-10,-10,-10,-10,0,0,-10,-10,0,0,0,0,-10,-10,-10,-10,-10,-10,-10,-10,-10,-10,-10,-10,-10,-10,-10,-10,-10,-10,-10,-10,-10,-10,-10,-10,-10,-10,-10,-10,-10,-10,-10,-10,-10,-10,-10,-10,-10,-10,-10,-10,-10,-10,-10,-10
-10,-10,-10,-10,-10,0,0,-10,-10,0,0,0,0,-10,-10,-10,-10,-10,-10,-10,-10,-10,-10,-10,-10,-10,-10,-10,-10,-10,-10,-10,-10,-10,-10,-10,-10,-10,-10,-10,-10,-10,-10,-10,-10,-10,-10,-10,-10,-10,-10,-10,-10,-10,-10,-10,-10
-10,-10,-10,-10,-10,-10,-10,-10,-10,-10,0,-10,-10,-10,-10,-10,-10,-10,-10,-10,-10,-10,-10,-10,-10,-10,-10,-10,-10,-10,-10,-10,-10,-10,-10,-10,-10,-10,-10,-10,-10,-10,-10,-10,-10,-10,-10,-10,-10,-10,-10,-10,-10,-10,-10,-10,-10
-10,-10,-10,-10,-10,-10,-10,-10,-10,-10,0,-10,-10,-10,-10,-10,-10,-10,-10,-10,-10,-10,-10,-10,-10,-10,-10,-10,-10,-10,-10,-10,-10,-10,-10,-10,-10,-10,-10,-10,-10,-10,-10,-10,-10,-10,-10,-10,-10,-10,-10,-10,-10,-10,-10,-10,-10
-10,-10,-10,-10,-10,-10,-10,-10,-10,-10,0,-10,-10,-10,-10,-10,-10,-10,-10,-10,-10,-10,-10,-10,-10,-10,-10,-10,-10,-10,-10,-10,-10,-10,-10,-10,-10,-10,-10,-10,-10,-10,-10,-10,-10,-10,-10,-10,-10,-10,-10,-10,-10,-10,-10,-10,-10
-10,-10,-10,-10,-10,-10,-10,-10,-10,0,0,0,-10,-10,-10,-10,-10,-10,-10,-10,-10,-10,-10,-10,-10,-10,-10,-10,-10,-10,-10,-10,-10,-10,-10,-10,-10,-10,-10,-10,-10,-10,-10,-10,-10,-10,-10,-10,-10,-10,-10,-10,-10,-10,-10,-10,-10
-10,-10,-10,-10,-10,0,0,0,0,0,0,0,-10,-10,-10,-10,-10,-10,-10,-10,-10,-10,-10,-10,-10,-10,-10,-10,-10,-10,-10,-10,-10,-10,-10,-10,-10,-10,-10,-10,-10,-10,-10,-10,-10,-10,-10,-10,-10,-10,-10,-10,-10,-10,-10,-10,-10
-10,-10,-10,-10,-10,8,0,0,0,0,0,0,-10,-10,-10,-10,-10,-10,-10,-10,-10,-10,-10,-10,-10,-10,-10,-10,-10,-10,-10,-10,-10,-10,-10,-10,-10,-10,-10,-10,-10,-10,-10,-10,-10,-10,-10,-10,-10,-10,-10,-10,-10,-10,-10,-10,-10
-10,-10,-10,-10,-10,0,-10,-10,-10,0,0,0,0,0,0,-10,-10,-10,-10,-10,-10,-10,-10,-10,-10,-10,-10,-10,-10,-10,-10,-10,-10,-10,-10,-10,-10,-10,-10,-10,-10,-10,-10,-10,-10,-10,-10,-10,-10,-10,-10,-10,-10,-10,-10,-10,-10
-10,-10,-10,-10,-10,0,-10,-10,-10,0,0,0,-10,-10,-10,-10,-10,-10,-10,-10,-10,-10,-10,-10,-10,-10,-10,-10,-10,-10,-10,-10,-10,-10,-10,-10,-10,-10,-10,-10,-10,-10,-10,-10,-10,-10,-10,-10,-10,-10,-10,-10,-10,-10,-10,-10,-10
-10,-10,-10,-10,-10,0,-10,-10,-10,-10,-10,-10,-10,-10,-10,-10,-10,-10,-10,-10,-10,-10,-10,-10,-10,-10,-10,-10,-10,-10,-10,-10,-10,-10,-10,-10,-10,-10,-10,-10,-10,-10,-10,-10,-10,-10,-10,-10,-10,-10,-10,-10,-10,-10,-10,-10,-10
-10,-10,-10,-10,-10,0,-10,-10,-10,-10,-10,-10,-10,-10,-10,-10,-10,-10,-10,-10,-10,-10,-10,-10,-10,-10,-10,-10,-10,-10,-10,-10,-10,-10,-10,-10,-10,-10,-10,-10,-10,-10,-10,-10,-10,-10,-10,-10,-10,-10,-10,-10,-10,-10,-10,-10,-10
-10,-10,-10,-10,-10,0,-10,-10,-10,-10,-10,-10,-10,-10,-10,-10,-10,-10,-10,-10,-10,-10,-10,-10,-10,-10,-10,-10,-10,-10,-10,-10,-10,-10,-10,-10,-10,-10,-10,-10,-10,-10,-10,-10,-10,-10,-10,-10,-10,-10,-10,-10,-10,-10,-10,-10,-10
-10,-10,-10,-10,-10,0,-10,-10,-10,-10,-10,-10,-10,-10,-10,-10,-10,-10,-10,-10,-10,-10,-10,-10,-10,-10,-10,-10,-10,-10,-10,-10,-10,-10,-10,-10,-10,-10,-10,-10,-10,-10,-10,-10,-10,-10,-10,-10,-10,-10,-10,-10,-10,-10,-10,-10,-10
-10,-10,-10,-10,-10,0,-10,-10,-10,-10,-10,-10,-10,-10,-10,-10,-10,-10,-10,-10,-10,-10,-10,-10,-10,-10,-10,-10,-10,-10,-10,-10,-10,-10,-10,-10,-10,-10,-10,-10,-10,-10,-10,-10,-10,-10,-10,-10,-10,-10,-10,-10,-10,-10,-10,-10,-10
-10,-10,-10,-10,-10,0,-10,-10,-10,-10,-10,-10,-10,-10,-10,-10,-10,-10,-10,-10,-10,-10,-10,-10,-10,-10,-10,-10,-10,-10,-10,-10,-10,-10,-10,-10,-10,-10,-10,-10,-10,-10,-10,-10,-10,-10,-10,-10,-10,-10,-10,-10,-10,-10,-10,-10,-10
-10,-10,-10,-10,-10,-10,-10,-10,-10,-10,-10,-10,-10,-10,-10,-10,-10,-10,-10,-10,-10,-10,-10,-10,-10,-10,-10,-10,-10,-10,-10,-10,-10,-10,-10,-10,-10,-10,-10,-10,-10,-10,-10,-10,-10,-10,-10,-10,-10,-10,-10,-10,-10,-10,-10,-10,-10
