-10,-10,-10,-10,-10,-10,-10,-10,-10,-10,-10,-10,-10,-10,-10,-10,-10,-10,-10,-10,-10,-10,-10,-10,-10,-10,-10,-10,-10,-10,-10,-10,-10,-10,-10,-10,-10,-10,-10,-10,-10
-10,-10,-10,-10,-10,-10,-10,-10,-10,-10,-10,-10,-10,-10,-10,-10,-10,-10,-10,-10,-10,-10,-10,-10,-10,-10,-10,-10,-10,-10,-10,-10,-10,-10,-10,-10,-10,-10,-10,-10,-10
-10,-10,-10,-10,-10,-10,-10,0,-10,-10,-10,-10,-10,-10,-10,-10,-10,-10,-10,-10,-10,-10,-10,-10,-10,-10,-10,-10,-10,-10,-10,-10,-10,-10,-10,-10,-10,-10,-10,-10,-10
-10,-10,-10,-10,-10,-10,-10,0,-10,-10,-10,-10,-10,-10,-10,-10,-10,-10,-10,-10,-10,-10,-10,-10,-10,-10,-10,-10,-10,-10,-10,-10,-10,-10,-10,-10,-10,-10,-10,-10,-10
-10,-10,-10,-10,-10,-10,-10,0,-10,-10,-10,-10,-10,-10,-10,-10,-10,-10,-10,-10,-10,-10,-10,-10,-10,-10,-10,-10,-10,-10,-10,-10,-10,-10,-10,-10,-10,-10,-10,-10,-10
-10,-10,-10,-10,-10,-10,-10,0,-10,-10,-10,-10,-10,-10,-10,-10,-10,-10,-10,-10,-10,-10,-10,-10,-10,-10,-10,-10,-10,-10,-10,-10,-10,-10,-10,-10,-10,-10,-10,-10,-10
-10,-10,-10,-10,-10,-10,-10,0,-10,-10,-10,-10,-10,-10,-10,-10,-10,-10,-10,-10,-10,-10,-10,-10,-10,-10,-10,-10,-10,-10,-10,-10,-10,-10,-10,-10,-10,-10,-10,-10,-10
-10,-10,-10,-10,-10,-10,-10,0,-10,-10,-10,-10,-10,-10,-10,-10,-10,-10,-10,-10,-10,-10,-10,-10,-10,-10,-10,-10,-10,-10,-10,-10,-10,-10,-10,-10,-10,-10,-10,-10,-10
-10,-10,-10,-10,-10,-10,-10,0,-10,-10,-10,-10,-10,-10,-10,-10,-10,-10,-10,-10,-10,-10,-10,-10,-10,-10,-10,-10,-10,-10,-10,-10,-10,-10,-10,-10,-10,-10,-10,-10,-10
-10,-10,-10,-10,-10,-10,-10,0,-10,-10,-10,-10,-10,-10,-10,-10,-10,-10,-10,-10,-10,-10,-10,-10,-10,-10,-10,-10,-10,-10,-10,-10,-10,-10,-10,-10,-10,-10,-10,-10,-10
-10,-10,-10,-10,-10,-10,-10,0,-10,-10,-10,-10,-10,-10,-10,-10,-10,-10,-10,-10,-10,-10,-10,-10,-10,-10,-10,-10,-10,-10,-10,-10,-10,-10,-10,-10,-10,-10,-10,-10,-10
-10,-10,-10,-10,-10,-10,-10,0,0,0,-10,-10,-10,-10,-10,-10,-10,-10,-10,-10,-10,-10,-10,-10,-10,-10,-10,-10,-10,-10,-10,-10,-10,-10,-10,-10,-10,-10,-10,-10,-10
-10,-10,-10,-10,-10,-10,-10,-10,-10,0,-10,-10,-10,-10,-10,-10,-10,-10,-10,-10,-10,-10,-10,-10,-10,-10,-10,-10,-10,-10,-10,-10,-10,-10,-10,-10,-10,-10,-10,-10,-10
-10,-10,-10,-10,-10,-10,-10,-10,-10,0,-10,-10,-10,-10,-10,-10,-10,-10,-10,-10,-10,-10,-10,-10,-10,-10,-10,-10,-10,-10,-10,-10,-10,-10,-10,-10,-10,-10,-10,-10,-10
-10,-10,-10,-10,-10,-10,-10,-10,-10,0,-10,-10,-10,-10,-10,-10,-10,-10,-10,-10,-10,-10,-10,-10,-10,-10,-10,-10,-10,-10,-10,-10,-10,-10,-10,-10,-10,-10,-10,-10,-10
-10,-10,-10,-10,-10,-10,-10,-10,-10,0,-10,-10,-10,-10,-10,-10,-10,-10,-10,-10,-10,-10,-10,-10,-10,-10,-10,-10,-10,-10,-10,-10,-10,-10,-10,-10,-10,-10,-10,-10,-10
-10,-10,-10,-10,-10,-10,-10,-10,-10,0,-10,-10,0,0,0,0,0,0,0,-10,-10,-10,-10,-10,-10,-10,-10,-10,-10,-10,-10,-10,-10,-10,-10,-10,-10,-10,-10,-10,-10
-10,-10,-10,-10,-10,-10,-10,-10,-10,0,-10,-10,0,0,0,0,0,0,0,0,0,-10,-10,-10,-10,-10,-10,-10,-10,-10,-10,-10,-10,-10,-10,-10,-10,-10,-10,-10,-10
-10,-10,-10,-10,-10,-10,-10,-10,-10,0,-10,-10,0,0,-10,-10,-10,0,0,-10,0,-10,-10,-10,-10,-10,-10,-10,-10,-10,-10,-10,-10,-10,-10,-10,-10,-10,-10,-10,-10
-10,-10,-10,-10,-10,-10,-10,-10,-10,0,0,0,0,0,-10,-10,-10,0,0,0,0,0,0,0,-10,-10,-10,-10,-10,-10,-10,-10,-10,-10,-10,-10,-10,-10,-10,-10,-10
-10,-10,-10,-10,-10,-10,-10,-10,-10,-10,0,-10,0,0,-10,-10,-10,0,0,-10,-10,-10,-10,0,-10,-10,-10,0,-10,-10,-10,-10,-10,-10,-10,-10,-10,-10,-10,-10,-10
-10,-10,-10,-10,-10,-10,-10,-10,-10,-10,0,-10,0,0,0,0,0,0,0,0,0,0,0,0,-10,-10,0,0,0,0,-10,-10,-10,-10,-10,-10,-10,-10,-10,-10,-10
-10,-10,-10,-10,-10,-10,-10,-10,-10,-10,0,0,0,0,0,0,0,0,0,-10,-10,-10,-10,0,-10,-10,0,0,0,0,0,-10,-10,-10,-10,-10,-10,-10,-10,-10,-10
-10,-10,-10,-10,-10,-10,-10,-10,-10,-10,-10,-10,-10,-10,-10,-10,-10,-10,-10,-10,-10,-10,-10,0,-10,0,0,0,0,0,-10,-10,-10,-10,-10,-10,-10,-10,-10,-10,-10
-10,-10,-10,-10,-10,-10,-10,-10,-10,-10,-10,-10,-10,-10,-10,-10,-10,-10,-10,-10,-10,-10,-10,6,-10,-10,0,0,0,0,-10,-10,-10,-10,-10,-10,-10,-10,-10,-10,-10
-10,-10,-10,-10,-10,-10,-10,-10,-10,-10,-10,-10,-10,-10,-10,-10,-10,-10,-10,-10,-10,-10,-10,0,-10,-10,-10,-10,-10,-10,-10,-10,-10,-10,-10,-10,-10,-10,-10,-10,-10
-10,-10,-10,-10,-10,-10,-10,-10,-10,-10,-10,-10,-10,-10,-10,-10,-10,-10,-10,-10,-10,-10,-10,0,0,0,0,0,0,-10,-10,-10,-10,-10,-10,-10,-10,-10,-10,-10,-10
-10,-10,-10,-10,-10,-10,-10,-10,-10,-10,-10,-10,-10,-10,-10,-10,-10,-10,-10,-10,-10,-10,-10,-10,-10,-10,-10,-10,0,-10,-10,-10,-10,-10,-10,-10,-10,-10,-10,-10,-10
-10,-10,-10,-10,-10,-10,-10,-10,-10,-10,-10,-10,-10,-10,-10,-10,-10,-10,-10,-10,-10,-10,-10,-10,-10,-10,-10,-10,0,-10,-10,-10,-10,-10,-10,-10,-10,-10,-10,-10,-10
-10,-10,-10,-10,-10,-10,-10,-10,-10,-10,-10,-10,-10,-10,-10,-10,-10,-10,-10,-10,-10,-10,-10,-10,-10,-10,-10,-10,0,-10,-10,-10,-10,-10,-10,-10,-10,-10,-10,-10,-10
-10,-10,-10,-10,-10,-10,-10,-10,-10,-10,-10,-10,-10,-10,-10,-10,-10,-10,-10,-10,-10,-10,-10,-10,-10,-10,0,0,0,-10,-10,-10,-10,-10,-10,-10,-10,-10,-10,-10,-10
-10,-10,-10,-10,-10,-10,-10,-10,-10,-10,-10,-10,-10,-10,-10,-10,-10,-10,-10,-10,-10,-10,6,0,2,0,0,0,0,-10,-10,-10,-10,-10,-10,-10,-10,-10,-10,-10,-10
-10,-10,-10,-10,-10,-10,-10,-10,-10,-10,-10,-10,-10,-10,-10,-10,-10,-10,-10,-10,-10,-10,0,0,-10,-10,0,0,0,-10,-10,-10,-10,-10,-10,-10,-10,-10,-10,-10,-10
-10,-10,-10,-10,-10,-10,-10,-10,-10,-10,-10,-10,-10,-10,-10,-10,-10,-10,-10,-10,-10,0,0,0,-10,-10,-10,-10,-10,-10,-10,-10,0,-10,-10,-10,-10,-10,-10,-10,-10
-10,-10,-10,-10,-10,-10,-10,-10,-10,-10,-10,-10,-10,-10,-10,-10,-10,-10,-10,-10,-10,-10,0,0,-10,-10,-10,-10,-10,-10,-10,-10,0,-10,-10,-10,-10,-10,-10,-10,-10
-10,-10,-10,-10,-10,-10,-10,-10,-10,-10,-10,-10,-10,-10,-10,-10,-10,-10,-10,-10,-10,-10,0,0,-10,-10,-10,-10,-10,-10,-10,-10,0,-10,-10,-10,-10,-10,-10,-10,-10
-10,-10,-10,-10,-10,-10,-10,-10,-10,-10,-10,-10,-10,-10,-10,-10,-10,-10,-10,-10,-10,0,0,0,0,-10,-10,-10,-10,-10,-10,-10,0,-10,-10,-10,-10,-10,-10,-10,-10
-10,-10,-10,-10,-10,-10,-10,-10,-10,-10,-10,-10,-10,-10,-10,-10,-10,-10,-10,-10,-10,0,0,0,0,0,0,0,-10,-10,-10,-10,0,-10,-10,-10,-10,-10,-10,-10,-10
-10,-10,-10,-10,-10,-10,-10,-10,-10,-10,-10,-10,-10,-10,-10,-10,-10,-10,-10,-10,-10,0,0,-10,-10,-10,-10,0,-10,-10,-10,-10,0,-10,-10,-10,-10,-10,-10,-10,-10
-10,-10,-10,-10,-10,-10,-10,-10,-10,-10,-10,-10,-10,-10,-10,-10,-10,-10,-10,-10,-10,0,-10,-10,-10,-10,-10,0,-10,-10,-10,-10,0,-10,-10,-10,-10,-10,-10,-10,-10
-10,-10,-10,-10,-10,-10,-10,-10,-10,-10,-10,-10,-10,-10,-10,-10,-10,-10,-10,-10,-10,0,0,0,0,0,-10,0,-10,-10,-10,-10,2,-10,-10,-10,-10,-10,-10,-10,-10
-10,-10,-10,-10,-10,-10,-10,-10,-10,-10,-10,-10,-10,-10,-10,-10,-10,-10,-10,-10,-10,-10,-10,-10,0,0,-10,0,0,0,0,0,3,-10,-10,-10,-10,-10,-10,-10,-10
-10,-10,-10,-10,-10,-10,-10,-10,-10,-10,-10,-10,-10,-10,-10,-10,-10,-10,-10,-10,-10,-10,-10,-10,0,0,-10,-10,-10,-10,-10,-10,3,-10,-10,-10,-10,-10,-10,-10,-10
-10,-10,-10,-10,-10,-10,-10,-10,-10,-10,-10,-10,-10,-10,-10,-10,-10,-10,-10,-10,-10,-10,-10,-10,0,0,-10,-10,-10,-10,-10,-10,3,-10,-10,-10,-10,-10,-10,-10,-10
-10,-10,-10,-10,-10,-10,-10,-10,-10,-10,-10,-10,-10,-10,-10,-10,-10,-10,-10,-10,-10,-10,-10,-10,0,0,0,0,0,0,-10,-10,3,-10,-10,-10,-10,-10,-10,-10,-10
-10,-10,-10,-10,-10,-10,-10,-10,-10,-10,-10,-10,-10,-10,-10,-10,-10,-10,-10,-10,-10,-10,-10,-10,-10,-10,-10,-10,0,0,0,0,3,-10,-10,-10,-10,-10,-10,-10,-10
-10,-10,-10,-10,-10,-10,-10,-10,-10,-10,-10,-10,-10,-10,-10,-10,-10,-10,-10,-10,-10,-10,-10,-10,-10,-10,-10,-10,0,8,-10,10,3,0,0,-10,-10,-10,-10,-10,-10
-10,-10,-10,-10,-10,-10,-10,-10,-10,-10,-10,-10,-10,-10,-10,-10,-10,-10,-10,-10,-10,-10,0,0,-10,-10,-10,-10,0,0,0,0,0,-10,0,-10,-10,-10,-10,-10,-10
-10,-10,-10,-10,-10,-10,-10,-10,-10,-10,-10,-10,-10,-10,-10,-10,-10,-10,-10,-10,-10,-10,0,0,0,0,0,-10,-10,-10,-10,-10,-10,-10,0,0,0,0,-10,-10,-10
-10,-10,-10,-10,-10,-10,-10,-10,-10,-10,-10,-10,-10,-10,-10,-10,-10,-10,-10,-10,-10,-10,0,0,-10,-10,0,0,0,0,0,-10,0,0,0,-10,-10,0,-10,-10,-10
-10,-10,-10,-10,-10,-10,-10,-10,-10,-10,-10,-10,-10,-10,-10,-10,-10,-10,-10,-10,-10,-10,0,0,-10,-10,-10,0,0,-10,0,-10,0,-10,0,-10,-10,0,-10,-10,-10
-10,-10,-10,-10,-10,-10,-10,-10,-10,-10,-10,-10,-10,-10,-10,-10,-10,-10,-10,-10,-10,-10,0,0,0,0,-10,-10,-10,-10,0,0,0,0,0,-10,-10,0,-10,-10,-10
-10,-10,-10,-10,-10,-10,-10,-10,-10,-10,-10,-10,-10,-10,-10,-10,-10,-10,-10,-10,-10,-10,-10,-10,-10,0,-10,-10,-10,-10,-10,-10,-10,0,-10,-10,-10,0,0,0,-10
-10,-10,-10,-10,-10,-10,-10,-10,-10,-10,-10,-10,-10,-10,-10,-10,-10,-10,-10,-10,-10,-10,-10,-10,-10,6,0,0,0,6,0,-10,-10,0,-10,-10,-10,0,-10,-10,-10
-10,-10,-10,-10,-10,-10,-10,0,0,0,0,-10,-10,-10,-10,-10,-10,-10,-10,-10,-10,-10,-10,-10,-10,0,0,0,0,6,0,-10,-10,0,0,0,0,0,-10,-10,-10
-10,-10,-10,-10,-10,-10,-10,0,0,0,0,-10,-10,-10,-10,-10,-10,-10,-10,-10,-10,-10,-10,-10,-10,2,0,0,0,6,0,-10,-10,-10,-10,-10,-10,-10,-10,-10,-10
-10,-10,-10,-10,-10,0,0,0,0,0,0,0,0,-10,-10,-10,-10,-10,-10,-10,-10,-10,-10,-10,-10,0,6,0,0,6,0,-10,-10,-10,-10,-10,-10,-10,-10,-10,-10
-10,-10,-10,-10,-10,0,0,0,0,0,0,0,0,-10,-10,-10,-10,-10,-10,-10,-10,-10,-10,-10,-10,-10,-10,0,0,-10,-10,-10,-10,-10,-10,-10,-10,-10,-10,-10,-10
-10,-10,-10,-10,0,0,0,-10,-10,-10,-10,0,0,-10,-10,-10,-10,-10,-10,-10,-10,-10,-10,-10,-10,-10,-10,0,0,-10,-10,-10,-10,-10,-10,-10,-10,-10,-10,-10,-10
-10,-10,-10,-10,0,0,0,0,0,0,0,0,0,0,0,0,-10,-10,-10,-10,-10,-10,-10,-10,-10,-10,-10,0,0,0,0,0,-10,-10,-10,-10,-10,-10,-10,-10,-10
-10,-10,-10,-10,-10,0,0,0,0,0,0,0,0,0,0,0,0,0,-10,-10,-10,-10,-10,-10,-10,-10,-10,-10,-10,0,-10,0,-10,-10,-10,-10,-10,-10,-10,-10,-10
-10,-10,-10,-10,-10,-10,-10,0,0,0,0,-10,0,0,0,0,0,0,-10,-10,-10,-10,-10,-10,-10,-10,-10,-10,-10,0,-10,0,-10,-10,-10,-10,-10,-10,-10,-10,-10
-10,-10,-10,-10,-10,0,0,0,0,0,0,-10,0,0,0,0,0,0,-10,-10,-10,-10,-10,-10,-10,-10,-10,0,0,0,0,0,-10,-10,-10,-10,-10,-10,-10,-10,-10
-10,-10,-10,-10,0,0,0,0,0,0,0,-10,-10,-10,0,-10,0,0,0,-10,-10,-10,-10,-10,-10,0,0,0,-10,-10,-10,-10,-10,-10,-10,-10,-10,-10,-10,-10,-10
-10,-10,-10,-10,0,0,0,0,0,0,-10,-10,-10,-10,0,-10,6,0,0,0,0,0,0,0,0,0,0,0,0,6,-10,-10,-10,-10,-10,-10,-10,-10,-10,-10,-10
-10,-10,-10,-10,0,0,0,0,0,0,-10,0,0,0,0,-10,0,0,0,-10,-10,-10,-10,-10,-10,0,0,0,-10,-10,-10,-10,-10,-10,-10,-10,-10,-10,-10,-10,-10
-10,-10,-10,-10,0,0,0,0,0,0,-10,0,-10,-10,0,-10,0,0,-10,-10,-10,-10,-10,-10,-10,0,0,0,-10,-10,-10,-10,-10,-10,-10,-10,-10,-10,-10,-10,-10
-10,-10,-10,-10,0,0,0,0,-10,-10,-10,0,0,0,0,0,0,-10,-10,-10,-10,-10,-10,-10,-10,0,0,0,-10,-10,-10,-10,-10,-10,-10,-10,-10,-10,-10,-10,-10
-10,-10,-10,-10,0,0,0,0,-10,-10,-10,0,0,0,0,0,0,-10,-10,-10,-10,-10,-10,0,0,0,0,0,-10,-10,-10,-10,-10,-10,-10,-10,-10,-10,-10,-10,-10
-10,-10,-10,-10,-10,0,0,0,0,0,-10,-10,-10,-10,-10,-10,-10,-10,-10,-10,-10,-10,-10,-10,-10,0,0,0,-10,-10,-10,-10,-10,-10,-10,-10,-10,-10,-10,-10,-10
-10,-10,-10,-10,-10,-10,-10,-10,0,0,0,-10,-10,-10,-10,-10,-10,-10,-10,-10,-10,-10,-10,-10,-10,-10,-10,-10,-10,-10,-10,-10,-10,-10,-10,-10,-10,-10,-10,-10,-10
-10,-10,-10,-10,-10,-10,-10,-10,0,0,0,-10,-10,-10,-10,-10,-10,-10,-10,-10,-10,-10,-10,-10,-10,-10,-10,-10,-10,-10,-10,-10,-10,-10,-10,-10,-10,-10,-10,-10,-10
-10,-10,-10,-10,-10,-10,-10,-10,-10,0,-10,-10,-10,-10,-10,-10,-10,-10,-10,-10,-10,-10,-10,-10,-10,-10,-10,-10,-10,-10,-10,-10,-10,-10,-10,-10,-10,-10,-10,-10,-10
-10,-10,-10,-10,-10,-10,-10,-10,-10,0,-10,-10,-10,-10,-10,-10,-10,-10,-10,-10,4,4,4,4,-10,-10,-10,-10,-10,-10,-10,-10,-10,-10,-10,-10,-10,-10,-10,-10,-10
-10,-10,-10,-10,-10,-10,-10,-10,-10,0,-10,-10,-10,-10,-10,0,0,0,0,2,10,2,-10,4,-10,-10,-10,-10,-10,-10,-10,-10,-10,-10,-10,-10,-10,-10,-10,-10,-10
-10,-10,-10,-10,-10,-10,-10,-10,-10,0,0,0,0,0,-10,0,0,0,0,0,2,0,-10,4,-10,-10,-10,-10,-10,-10,-10,-10,-10,-10,-10,-10,-10,-10,-10,-10,-10
-10,-10,-10,-10,-10,-10,-10,-10,-10,-10,-10,-10,-10,0,-10,-10,8,-10,-10,0,0,0,-10,4,-10,-10,-10,-10,-10,-10,-10,-10,-10,-10,-10,-10,-10,-10,-10,-10,-10
-10,-10,-10,-10,-10,-10,-10,-10,-10,-10,-10,-10,-10,0,-10,6,0,6,-10,-10,-10,3,3,3,3,-10,-10,-10,-10,-10,-10,-10,-10,-10,-10,-10,-10,-10,-10,-10,-10
-10,-10,-10,-10,-10,-10,-10,-10,-10,-10,0,0,6,0,-10,0,0,0,-10,-10,-10,0,-10,-10,0,-10,-10,-10,-10,-10,-10,-10,-10,-10,-10,-10,-10,-10,-10,-10,-10
-10,-10,-10,-10,-10,-10,-10,6,0,0,2,0,6,0,-10,0,0,0,0,0,0,0,-10,6,0,0,0,-10,-10,-10,-10,-10,-10,-10,-10,-10,-10,-10,-10,-10,-10
-10,-10,-10,-10,-10,-10,-10,0,0,-10,6,6,6,0,-10,0,-10,-10,-10,-10,-10,-10,-10,-10,-10,-10,-10,-10,-10,-10,-10,-10,-10,-10,-10,-10,-10,-10,-10,-10,-10
-10,-10,-10,-10,-10,-10,-10,0,0,-10,0,0,0,0,-10,0,-10,-10,-10,-10,-10,-10,-10,-10,-10,-10,-10,-10,-10,-10,-10,-10,-10,-10,-10,-10,-10,-10,-10,-10,-10
-10,-10,-10,-10,-10,-10,-10,0,0,-10,-10,-10,-10,-10,-10,0,-10,-10,-10,-10,-10,-10,-10,-10,-10,-10,-10,-10,-10,-10,-10,-10,-10,-10,-10,-10,-10,-10,-10,-10,-10
-10,-10,-10,-10,-10,-10,-10,0,0,0,0,0,0,0,0,0,-10,-10,-10,-10,-10,-10,-10,-10,-10,-10,-10,-10,-10,-10,-10,-10,-10,-10,-10,-10,-10,-10,-10,-10,-10
-10,-10,-10,-10,-10,-10,-10,-10,-10,-10,-10,-10,-10,-10,-10,-10,-10,-10,-10,-10,-10,-10,-10,-10,-10,-10,-10,-10,-10,-10,-10,-10,-10,-10,-10,-10,-10,-10,-10,-10,-10
